Dataset,Format,Exp_Bits,Sig_Bits,Rounding_Mode,Accuracy,Weight_MSE,Activation_SQNR_dB
MNIST,q43,4,3,1,99.6700,0.00261011,24.7931
MNIST,q43,4,3,2,9.8000,0.00925650,-10.3695
MNIST,q43,4,3,3,73.9600,0.00998559,2.0469
MNIST,q43,4,3,4,99.6800,0.00882322,11.5726
MNIST,q43,4,3,5,99.6000,0.00533287,20.2363
MNIST,q43,4,3,6,99.6500,0.00921683,19.2040
MNIST,q52,5,2,1,99.6600,0.00937349,20.1070
MNIST,q52,5,2,2,9.8000,0.03657637,-34.1180
MNIST,q52,5,2,3,14.3900,0.04193136,0.5499
MNIST,q52,5,2,4,99.6200,0.03370078,8.9599
MNIST,q52,5,2,5,99.5500,0.02072994,18.6619
MNIST,q52,5,2,6,99.5600,0.03634879,15.0695
MNIST,"custom(5, 5)",5,5,1,99.6700,0.00014605,36.2644
MNIST,"custom(5, 5)",5,5,2,99.4800,0.00060531,10.5527
MNIST,"custom(5, 5)",5,5,3,99.5400,0.00062690,8.3650
MNIST,"custom(5, 5)",5,5,4,99.7000,0.00059431,22.7176
MNIST,"custom(5, 5)",5,5,5,99.6600,0.00027870,33.1796
MNIST,"custom(5, 5)",5,5,6,99.6700,0.00066687,29.6969
MNIST,"custom(5, 7)",5,7,1,99.6700,0.00000952,44.0550
MNIST,"custom(5, 7)",5,7,2,99.6100,0.00003812,20.1475
MNIST,"custom(5, 7)",5,7,3,99.6500,0.00003825,17.2350
MNIST,"custom(5, 7)",5,7,4,99.6900,0.00003499,34.5986
MNIST,"custom(5, 7)",5,7,5,99.6800,0.00001930,45.2447
MNIST,"custom(5, 7)",5,7,6,99.6900,0.00004438,37.9884
MNIST,"custom(8, 4)",8,4,1,99.6800,0.00062668,30.1909
MNIST,"custom(8, 4)",8,4,2,99.2600,0.00247410,5.6450
MNIST,"custom(8, 4)",8,4,3,98.9600,0.00241019,7.6904
MNIST,"custom(8, 4)",8,4,4,99.7200,0.00227189,16.6660
MNIST,"custom(8, 4)",8,4,5,99.6400,0.00120643,29.7763
MNIST,"custom(8, 4)",8,4,6,99.6700,0.00262587,24.8378
MNIST,half,5,10,1,99.6800,0.00000014,63.6816
MNIST,half,5,10,2,99.6800,0.00000060,36.6642
MNIST,half,5,10,3,99.6600,0.00000062,36.3673
MNIST,half,5,10,4,99.6800,0.00000065,52.6708
MNIST,half,5,10,5,99.6800,0.00000025,59.7476
MNIST,half,5,10,6,99.6900,0.00000069,59.2340
MNIST,bfloat16,8,7,1,99.6700,0.00000952,44.0552
MNIST,bfloat16,8,7,2,99.6100,0.00003812,20.1476
MNIST,bfloat16,8,7,3,99.6500,0.00003825,17.2350
MNIST,bfloat16,8,7,4,99.6900,0.00003499,34.5979
MNIST,bfloat16,8,7,5,99.6800,0.00001930,45.2434
MNIST,bfloat16,8,7,6,99.6900,0.00004438,37.9879
MNIST,tf32,8,10,1,99.6800,0.00000014,63.6779
MNIST,tf32,8,10,2,99.6800,0.00000060,36.6641
MNIST,tf32,8,10,3,99.6600,0.00000062,36.3678
MNIST,tf32,8,10,4,99.6800,0.00000065,52.6685
MNIST,tf32,8,10,5,99.6800,0.00000025,59.7430
MNIST,tf32,8,10,6,99.6900,0.00000069,59.2315
MNIST,fp32,8,23,1,99.6800,0.00000000,100.0000
MNIST,fp32,8,23,2,99.6800,0.00000000,100.0000
MNIST,fp32,8,23,3,99.6800,0.00000000,100.0000
MNIST,fp32,8,23,4,99.6800,0.00000000,100.0000
MNIST,fp32,8,23,5,99.6800,0.00000000,100.0000
MNIST,fp32,8,23,6,99.6800,0.00000000,100.0000
FashionMNIST,q43,4,3,1,91.3600,0.00225478,22.5005
FashionMNIST,q43,4,3,2,15.3700,0.00812709,-9.4497
FashionMNIST,q43,4,3,3,29.1600,0.00876551,2.0206
FashionMNIST,q43,4,3,4,91.7200,0.00754708,9.1251
FashionMNIST,q43,4,3,5,91.6200,0.00395225,20.5579
FashionMNIST,q43,4,3,6,91.6100,0.00909795,19.5185
FashionMNIST,q52,5,2,1,91.4400,0.00795957,18.1062
FashionMNIST,q52,5,2,2,19.5600,0.03327309,-32.4480
FashionMNIST,q52,5,2,3,10.7800,0.03566761,0.7374
FashionMNIST,q52,5,2,4,90.9000,0.02974060,7.5339
FashionMNIST,q52,5,2,5,91.2600,0.01467796,14.0653
FashionMNIST,q52,5,2,6,89.9300,0.03865285,15.9602
FashionMNIST,"custom(5, 5)",5,5,1,91.5900,0.00012084,33.5877
FashionMNIST,"custom(5, 5)",5,5,2,89.5000,0.00059417,10.4705
FashionMNIST,"custom(5, 5)",5,5,3,90.2900,0.00048396,6.8408
FashionMNIST,"custom(5, 5)",5,5,4,91.6200,0.00053592,23.1349
FashionMNIST,"custom(5, 5)",5,5,5,91.6300,0.00025152,26.8056
FashionMNIST,"custom(5, 5)",5,5,6,91.5400,0.00056638,26.2673
FashionMNIST,"custom(5, 7)",5,7,1,91.6700,0.00000923,46.8746
FashionMNIST,"custom(5, 7)",5,7,2,91.5600,0.00003172,20.5509
FashionMNIST,"custom(5, 7)",5,7,3,91.6800,0.00003329,18.3012
FashionMNIST,"custom(5, 7)",5,7,4,91.6700,0.00003281,33.7925
FashionMNIST,"custom(5, 7)",5,7,5,91.6400,0.00001689,43.7033
FashionMNIST,"custom(5, 7)",5,7,6,91.7000,0.00003459,40.7504
FashionMNIST,"custom(8, 4)",8,4,1,91.7100,0.00051615,27.4619
FashionMNIST,"custom(8, 4)",8,4,2,81.7000,0.00228217,5.8510
FashionMNIST,"custom(8, 4)",8,4,3,81.1700,0.00203404,4.6887
FashionMNIST,"custom(8, 4)",8,4,4,91.7100,0.00205236,14.9305
FashionMNIST,"custom(8, 4)",8,4,5,91.5600,0.00110287,25.2243
FashionMNIST,"custom(8, 4)",8,4,6,91.4400,0.00216148,23.0063
FashionMNIST,half,5,10,1,91.6700,0.00000013,62.8892
FashionMNIST,half,5,10,2,91.7400,0.00000055,37.4133
FashionMNIST,half,5,10,3,91.5900,0.00000051,37.3991
FashionMNIST,half,5,10,4,91.6800,0.00000051,50.2258
FashionMNIST,half,5,10,5,91.6700,0.00000025,62.4222
FashionMNIST,half,5,10,6,91.6900,0.00000057,58.8522
FashionMNIST,bfloat16,8,7,1,91.6500,0.00000923,46.8747
FashionMNIST,bfloat16,8,7,2,91.5600,0.00003172,20.5509
FashionMNIST,bfloat16,8,7,3,91.6800,0.00003329,18.3013
FashionMNIST,bfloat16,8,7,4,91.6700,0.00003281,33.7922
FashionMNIST,bfloat16,8,7,5,91.6400,0.00001689,43.7027
FashionMNIST,bfloat16,8,7,6,91.7100,0.00003459,40.7511
FashionMNIST,tf32,8,10,1,91.6700,0.00000013,62.8857
FashionMNIST,tf32,8,10,2,91.7400,0.00000055,37.4134
FashionMNIST,tf32,8,10,3,91.5900,0.00000051,37.3989
FashionMNIST,tf32,8,10,4,91.6800,0.00000051,50.2270
FashionMNIST,tf32,8,10,5,91.6700,0.00000025,62.4285
FashionMNIST,tf32,8,10,6,91.6900,0.00000057,58.8486
FashionMNIST,fp32,8,23,1,91.6800,0.00000000,100.0000
FashionMNIST,fp32,8,23,2,91.6800,0.00000000,100.0000
FashionMNIST,fp32,8,23,3,91.6800,0.00000000,100.0000
FashionMNIST,fp32,8,23,4,91.6800,0.00000000,100.0000
FashionMNIST,fp32,8,23,5,91.6800,0.00000000,100.0000
FashionMNIST,fp32,8,23,6,91.6800,0.00000000,100.0000
Caltech101,q43,4,3,1,93.7836,0.00204248,24.2186
Caltech101,q43,4,3,2,10.8979,0.00697076,0.7256
Caltech101,q43,4,3,3,1.0744,0.00812675,8.4648
Caltech101,q43,4,3,4,90.8672,0.00741491,14.7564
Caltech101,q43,4,3,5,93.2464,0.00377682,20.6793
Caltech101,q43,4,3,6,89.7160,0.00804234,18.0145
Caltech101,q52,5,2,1,90.4835,0.00713551,15.7130
Caltech101,q52,5,2,2,8.8258,0.03090915,-43.4125
Caltech101,q52,5,2,3,0.3837,0.03060816,4.1822
Caltech101,q52,5,2,4,85.1113,0.02797931,6.8812
Caltech101,q52,5,2,5,85.1113,0.01518517,9.5833
Caltech101,q52,5,2,6,81.8880,0.03302679,13.8572
Caltech101,"custom(5, 5)",5,5,1,94.0138,0.00012761,35.6338
Caltech101,"custom(5, 5)",5,5,2,83.8066,0.00048331,9.4986
Caltech101,"custom(5, 5)",5,5,3,88.6416,0.00045819,11.7060
Caltech101,"custom(5, 5)",5,5,4,93.8603,0.00047370,21.8613
Caltech101,"custom(5, 5)",5,5,5,94.0138,0.00023445,31.2401
Caltech101,"custom(5, 5)",5,5,6,93.8603,0.00051828,27.9317
Caltech101,"custom(5, 7)",5,7,1,94.3975,0.00000679,44.8389
Caltech101,"custom(5, 7)",5,7,2,93.3231,0.00002966,21.0068
Caltech101,"custom(5, 7)",5,7,3,93.8603,0.00003109,21.6361
Caltech101,"custom(5, 7)",5,7,4,94.3208,0.00002750,33.2304
Caltech101,"custom(5, 7)",5,7,5,94.3208,0.00001372,41.6898
Caltech101,"custom(5, 7)",5,7,6,94.3975,0.00003123,39.7196
Caltech101,"custom(8, 4)",8,4,1,94.1673,0.00042051,27.3527
Caltech101,"custom(8, 4)",8,4,2,64.6201,0.00188487,4.9109
Caltech101,"custom(8, 4)",8,4,3,64.9271,0.00200676,6.2489
Caltech101,"custom(8, 4)",8,4,4,93.0929,0.00187293,17.3184
Caltech101,"custom(8, 4)",8,4,5,93.3231,0.00089004,23.8662
Caltech101,"custom(8, 4)",8,4,6,92.4021,0.00215394,23.3890
Caltech101,half,5,10,1,94.3975,0.00000012,63.0159
Caltech101,half,5,10,2,94.3975,0.00000047,38.8909
Caltech101,half,5,10,3,94.3208,0.00000044,38.7988
Caltech101,half,5,10,4,94.3975,0.00000043,50.1957
Caltech101,half,5,10,5,94.3975,0.00000025,58.0994
Caltech101,half,5,10,6,94.3975,0.00000044,55.6584
Caltech101,bfloat16,8,7,1,94.3975,0.00000679,44.8451
Caltech101,bfloat16,8,7,2,93.3231,0.00002966,21.0066
Caltech101,bfloat16,8,7,3,93.8603,0.00003109,21.6360
Caltech101,bfloat16,8,7,4,94.3208,0.00002750,33.2318
Caltech101,bfloat16,8,7,5,94.3208,0.00001372,41.6891
Caltech101,bfloat16,8,7,6,94.3975,0.00003123,39.7176
Caltech101,tf32,8,10,1,94.3975,0.00000012,63.0256
Caltech101,tf32,8,10,2,94.3975,0.00000047,38.8897
Caltech101,tf32,8,10,3,94.3208,0.00000044,38.8005
Caltech101,tf32,8,10,4,94.3975,0.00000043,50.1907
Caltech101,tf32,8,10,5,94.3975,0.00000025,58.0819
Caltech101,tf32,8,10,6,94.3975,0.00000044,55.6468
Caltech101,fp32,8,23,1,94.3975,0.00000000,100.0000
Caltech101,fp32,8,23,2,94.3975,0.00000000,100.0000
Caltech101,fp32,8,23,3,94.3975,0.00000000,100.0000
Caltech101,fp32,8,23,4,94.3975,0.00000000,100.0000
Caltech101,fp32,8,23,5,94.3975,0.00000000,100.0000
Caltech101,fp32,8,23,6,94.3975,0.00000000,100.0000
OxfordIIITPet,q43,4,3,1,90.2426,0.00196019,18.0297
OxfordIIITPet,q43,4,3,2,2.7255,0.00976560,-21.4009
OxfordIIITPet,q43,4,3,3,2.4257,0.00760721,0.9363
OxfordIIITPet,q43,4,3,4,88.6618,0.00708002,12.5868
OxfordIIITPet,q43,4,3,5,90.2698,0.00375367,16.0597
OxfordIIITPet,q43,4,3,6,87.8714,0.00830782,11.3858
OxfordIIITPet,q52,5,2,1,88.0076,0.00744093,11.5731
OxfordIIITPet,q52,5,2,2,2.7255,0.04349618,-58.2585
OxfordIIITPet,q52,5,2,3,2.4802,0.02696393,2.7146
OxfordIIITPet,q52,5,2,4,78.4955,0.02347595,7.8318
OxfordIIITPet,q52,5,2,5,80.1581,0.01611874,6.3491
OxfordIIITPet,q52,5,2,6,70.5097,0.03193490,6.7164
OxfordIIITPet,"custom(5, 5)",5,5,1,90.6514,0.00013771,30.4230
OxfordIIITPet,"custom(5, 5)",5,5,2,78.7681,0.00056544,6.7431
OxfordIIITPet,"custom(5, 5)",5,5,3,88.3620,0.00047056,11.3860
OxfordIIITPet,"custom(5, 5)",5,5,4,90.8149,0.00050039,23.6068
OxfordIIITPet,"custom(5, 5)",5,5,5,90.7059,0.00028846,26.4878
OxfordIIITPet,"custom(5, 5)",5,5,6,90.6514,0.00050997,23.2221
OxfordIIITPet,"custom(5, 7)",5,7,1,90.6787,0.00000882,40.3615
OxfordIIITPet,"custom(5, 7)",5,7,2,89.5612,0.00003347,17.8650
OxfordIIITPet,"custom(5, 7)",5,7,3,90.7059,0.00003124,20.6455
OxfordIIITPet,"custom(5, 7)",5,7,4,90.6514,0.00002677,35.6468
OxfordIIITPet,"custom(5, 7)",5,7,5,90.6787,0.00001922,38.0052
OxfordIIITPet,"custom(5, 7)",5,7,6,90.5696,0.00003421,34.0391
OxfordIIITPet,"custom(8, 4)",8,4,1,90.6787,0.00045636,23.6833
OxfordIIITPet,"custom(8, 4)",8,4,2,34.7506,0.00251883,0.0964
OxfordIIITPet,"custom(8, 4)",8,4,3,49.1142,0.00180278,4.5174
OxfordIIITPet,"custom(8, 4)",8,4,4,90.7332,0.00184934,17.9329
OxfordIIITPet,"custom(8, 4)",8,4,5,90.4334,0.00096145,21.5147
OxfordIIITPet,"custom(8, 4)",8,4,6,90.0245,0.00202308,16.5658
OxfordIIITPet,half,5,10,1,90.6514,0.00000014,60.7536
OxfordIIITPet,half,5,10,2,90.6787,0.00000055,36.7111
OxfordIIITPet,half,5,10,3,90.5969,0.00000045,37.2089
OxfordIIITPet,half,5,10,4,90.5969,0.00000044,52.6120
OxfordIIITPet,half,5,10,5,90.6514,0.00000026,54.9924
OxfordIIITPet,half,5,10,6,90.6241,0.00000047,51.7050
OxfordIIITPet,bfloat16,8,7,1,90.6787,0.00000882,40.3617
OxfordIIITPet,bfloat16,8,7,2,89.5612,0.00003347,17.8651
OxfordIIITPet,bfloat16,8,7,3,90.7059,0.00003124,20.6455
OxfordIIITPet,bfloat16,8,7,4,90.6514,0.00002677,35.6447
OxfordIIITPet,bfloat16,8,7,5,90.6787,0.00001922,38.0039
OxfordIIITPet,bfloat16,8,7,6,90.5696,0.00003421,34.0394
OxfordIIITPet,tf32,8,10,1,90.6514,0.00000014,60.7550
OxfordIIITPet,tf32,8,10,2,90.7059,0.00000055,36.7114
OxfordIIITPet,tf32,8,10,3,90.5969,0.00000045,37.2088
OxfordIIITPet,tf32,8,10,4,90.5969,0.00000044,52.6046
OxfordIIITPet,tf32,8,10,5,90.6514,0.00000026,54.9885
OxfordIIITPet,tf32,8,10,6,90.6241,0.00000047,51.6961
OxfordIIITPet,fp32,8,23,1,90.6514,0.00000000,100.0000
OxfordIIITPet,fp32,8,23,2,90.6514,0.00000000,100.0000
OxfordIIITPet,fp32,8,23,3,90.6514,0.00000000,100.0000
OxfordIIITPet,fp32,8,23,4,90.6514,0.00000000,100.0000
OxfordIIITPet,fp32,8,23,5,90.6514,0.00000000,100.0000
OxfordIIITPet,fp32,8,23,6,90.6514,0.00000000,100.0000
